{"0.7316290250910686":{"user_id":1},"0.9068758385398363":{"user_id":2}}